id,predicted_price
2591820310,390859.97
7974200820,756539.56
7701450110,881667.5
9522300010,2419811.5
9510861140,553052.7
1761300310,261624.52
7732410120,749887.94
7010701383,635022.2
291310170,373067.88
4232901990,477789.75
6840701125,419754.94
3971700580,418584.06
4202400078,238289.45
6064800090,328222.9
2626119028,612820.8
3303980660,1240587.5
862000020,572188.75
2386000070,955632.0
1138000450,446342.62
1775800420,453173.97
2291401425,409413.53
2025770560,1237433.9
3525069037,674752.0
9324800450,670927.6
8080400136,473006.66
8651540040,446763.38
9407001790,402226.34
1773101530,249840.78
9432900250,292161.34
1794500695,592530.4
2220069003,668056.44
923000120,546844.06
5728000060,435867.53
16000200,268212.47
1926059094,680987.8
6672900220,693710.8
3629860060,831000.9
1822069109,304328.4
6675500105,525764.9
249000180,1298667.4
226059065,312216.06
396100110,307128.28
9264450460,357310.28
7853361210,448449.5
9474700020,332690.06
421000455,200051.88
3755200220,467829.12
7960100075,415473.2
9477100490,362296.66
9138100350,872579.06
1624049275,329224.84
2770606890,297351.2
1157200189,401801.56
2770601800,428337.28
9301300805,407365.7
2325069032,1212305.9
1021079099,292910.7
7215730040,632936.3
1853200080,554331.56
3224600340,681711.6
3222049120,319151.03
2113700025,307885.2
7893207925,228945.97
3586501085,502096.56
8024200010,443544.16
7116500705,211378.38
1598600209,453373.25
7204200025,944697.6
4206901505,400581.8
2937300440,919514.94
7205000180,294144.06
8718500665,401309.47
5318101765,894844.8
4122700020,515054.53
8078700020,458715.72
3303980680,1263154.9
8924100372,992188.75
2781270210,206516.23
519000043,305432.7
3225069301,1752094.0
151000075,619092.06
2297400020,497455.22
6617500085,552829.6
104510180,190893.16
3528900060,697007.3
3345100286,574285.9
1226039130,551713.56
8712100720,624103.6
3037200010,355680.44
3626039268,336704.2
104510230,208782.88
5112800060,328415.47
6072400280,501517.97
5317100570,727808.2
9528102993,473803.97
2919201095,395453.0
6181400920,268296.62
185000161,233642.17
8691400010,736048.94
3345700165,256784.05
6151800486,188276.97
4340000080,847458.8
4136960010,660717.4
3634100030,211613.14
1624059224,1069591.9
2788400090,253643.36
9828200762,416813.4
7524400250,428996.7
3528000290,688071.44
5700003630,2016486.4
2720069019,210379.66
7227501170,251425.75
2397101270,522175.53
6792100090,506158.12
2770602265,533247.0
3971700937,347373.5
422049203,230961.11
3076500830,202940.61
1423400260,312447.8
9161100795,335850.2
3126049052,489929.28
5100401468,337967.56
514500235,422527.78
1423200170,231289.98
1402100070,418148.75
624110020,857953.9
2407000145,207140.12
1890000225,790093.2
1320069271,310561.7
5490700085,461609.9
263000155,458295.5
3726800201,322792.38
5153200358,320470.44
2725079018,1442598.5
7165700200,316945.94
9429000170,618376.94
8718500075,524924.7
1760650950,206993.2
1068000559,1166765.2
4113800500,415413.34
4077800507,434789.38
2725069150,913307.25
4008400035,546354.06
7016310270,562233.1
1432701230,186513.6
3278606050,568144.9
2473350710,334061.0
2185000685,209032.72
7792000025,354415.75
6868200029,518505.88
624069003,665545.8
7431500280,552107.25
3296000040,555541.44
1118001215,1082935.0
6453900040,1050417.6
333100209,623833.44
34001765,482000.22
8946700100,391544.22
5561401210,489197.66
6671900095,567865.94
3275850020,679939.75
3876300600,427984.06
1450900020,220281.2
8562780280,310183.7
7663700973,448811.47
2126049032,435093.0
1823059159,180967.14
3438503426,276904.12
9297301495,526262.0
7140700850,384508.25
7942601805,537344.2
2555900030,362689.38
2887970040,317776.4
7419700010,520385.34
2239000011,335590.2
9283800050,205527.95
9407001340,487141.78
217500140,746325.0
7212660520,224865.08
3298201170,270372.03
3057000400,315607.0
6865200444,661952.3
6071600340,352391.88
6821600005,635712.94
1235100371,520218.12
7796450340,420359.44
3603000410,230666.6
9297300255,588595.25
9126100850,556812.25
2770601462,473024.72
2599001500,177871.17
1102000095,577430.44
1853080640,973405.5
9551201585,882410.25
3438500796,259091.4
7518504291,489422.6
9269200340,315830.12
715010130,2055732.5
1982201485,605338.25
9526500080,771437.44
9277200180,282682.47
6669150280,302609.0
8917100153,512736.4
3760500516,1576309.4
2725069050,1103847.5
3332000091,265565.16
8562770080,413785.12
8151601190,211600.23
8563040160,453503.4
240000269,932444.9
4307350200,287302.25
1311910300,348147.88
3574900030,455493.34
7853230570,462969.56
320069049,293054.88
9839301060,446323.88
7011201333,616094.75
2781320100,208738.67
3421069120,306354.53
7852030320,351092.34
5316101075,2419853.0
5309100750,339147.97
629000730,461969.25
511700170,380796.97
1562100030,422824.47
2489200230,316334.12
524069116,382319.44
5315100737,976361.06
1868900675,758980.7
1608000120,320579.56
705700240,334176.66
7575600610,278377.38
1778500015,403909.62
5423500240,167893.12
6713700025,470612.03
2734100734,365441.97
301402280,254928.89
2113700205,293460.97
4114601570,2757888.0
3332000615,259525.66
3630050180,286270.88
6852700520,492497.8
6870310010,572861.44
6163900981,350441.38
393000142,352559.94
1771100130,408637.66
1442860160,332208.47
9191200435,513747.66
6788200800,974392.8
1115300070,591284.0
3176600105,481824.66
2770604665,498771.56
5469500580,379769.16
5680000545,343092.44
3424089119,775538.06
1328300180,338139.38
1773100922,366815.97
4123830480,286252.03
9808610190,730156.56
4250200140,215067.8
4217402115,3874171.8
3831250350,380128.62
2397101055,707173.2
6817850110,996224.06
7526800200,417090.94
7853370100,538000.06
2523089025,1113522.0
9476200680,227228.86
5714200140,364281.2
3575304895,509053.47
263000018,567571.4
8080400177,339131.8
6450304130,299850.6
514500090,460986.1
9477000300,434349.66
853600310,1685300.1
1951600240,193684.55
1099900120,368353.84
5323100120,484088.9
1223089016,380289.25
522059172,277204.8
1930300190,623219.8
9542840410,281170.1
8665050530,321316.6
5592900205,408443.25
5450300010,368003.44
2459960030,309945.38
3331500455,469013.38
3432500705,426076.12
3702900165,288602.8
5249803550,421137.88
626049058,634743.7
1788900380,174629.55
8075400360,232935.56
9113200250,698823.7
2738640040,1113567.6
7821200307,378306.97
3530440140,321253.47
3582700130,539940.4
9276200569,647837.9
7197800020,408227.9
686200490,481431.03
3501600100,401241.34
6383000690,579374.3
7604400150,355541.38
5249801411,600401.8
2607720420,469301.97
9561100010,469584.47
1796370590,193435.89
4077800593,397902.88
854000165,237268.34
5536100010,550683.25
4188000670,876824.25
31000165,1074079.2
662350050,753450.7
4137000280,239152.75
6169901130,1031834.1
1953400510,299588.22
7518506716,893605.75
1552520010,366402.34
7955080270,258835.55
9212900100,412606.12
3438500798,260877.83
7899800890,235320.66
4319200605,400205.3
1329300480,296801.84
8935100100,506129.16
5016001260,348337.53
4337600280,272403.47
1446401220,216499.45
7135521530,530320.75
6888900115,235739.34
2413301070,300530.25
345700040,178482.39
5566100145,296760.53
7634800070,385790.88
9346910500,557053.44
3529300060,324136.75
8128600060,1339439.2
8572900275,313524.75
4139420590,2235692.2
9274200322,640420.4
1472700200,582534.56
8820903380,613220.7
8563010130,670292.56
8965450110,521914.16
9274204230,418247.28
8165501700,299050.4
2193340260,420682.7
1860600290,625252.2
1222000055,229639.16
2492200280,378667.22
2488200455,429994.47
809001520,1116714.5
1796361140,162643.78
6398000011,751452.9
6813600365,636446.4
7504100920,947229.94
8835770330,937620.4
524059322,499285.53
4307330280,337899.22
1245002952,748933.1
2021069059,202157.12
5700000595,556020.56
3629970930,760490.6
3336002215,286516.97
5100401060,500405.28
3278600750,377802.94
1126069045,1846081.6
7568700175,492156.0
452001475,382033.34
9283800230,337814.8
1737300130,755145.5
6189600040,358137.25
3679400025,342486.66
1096100010,468433.16
9513900050,247258.77
5452800645,410183.44
273800100,217307.23
7228500037,414133.3
808300090,543549.7
2493200215,482850.44
5035300255,550716.9
3380900160,502850.8
3630000130,343534.75
7300400670,318897.28
6798100070,437386.16
8078400010,420482.12
5566100060,332086.22
2768200212,522819.3
4035900060,359554.72
9460000110,392447.4
7199320190,322489.0
2225039081,381857.4
9512200050,763885.2
2634500085,370158.97
3654800200,230131.78
2724079090,5792479.0
2597520720,548699.06
3034200426,354561.12
984000130,293428.5
7852020670,571145.8
7923500060,591920.4
2310030510,295134.84
2205500540,376746.94
2493200015,351336.2
7853361420,651339.9
5652600605,486320.62
5285200020,357945.34
9406530150,338148.1
5706300020,376020.06
3278602490,497920.84
7197000100,488117.44
4447300008,695396.56
7899800045,294822.6
9250900095,437288.56
9268851740,380197.5
8682261440,505105.47
7284900385,1218650.1
8079040300,342914.8
2225300585,602903.5
3223039013,453257.8
2013801350,189202.16
4055701110,771832.6
3578401770,475379.03
4046500720,729268.6
6145601745,332794.16
5207200195,438234.16
1972201856,332736.1
7212680080,232797.44
7277100510,601907.3
522079022,1390183.5
5605000440,366707.2
6632300230,516619.38
8815400165,482417.78
6708200320,1194990.4
2426059076,625680.5
3260200200,280293.53
2770601741,555600.75
4338800500,254255.61
9201000320,609327.1
7655900038,432603.88
3625059140,458430.16
4222310010,251765.27
2114700115,335726.88
3291800710,288432.22
9406590010,434263.1
3025059124,2518611.5
7972601250,351281.9
930000470,607356.3
6690500060,415389.6
16000015,191860.47
5693501102,623099.1
8079040490,344516.06
7225000155,342356.7
8819900170,948719.8
7972601270,241152.39
1224069074,1482485.6
5126900321,287620.25
3438501860,232674.47
2822069080,374506.6
1656600310,494173.22
3856900507,1112784.2
1626069139,384508.25
2524049257,1026470.4
3904960150,369291.94
7214820610,672045.1
7977201845,383330.75
2428100080,746249.56
2202500135,410309.03
1523550220,539402.56
2313900610,365851.38
4123840050,264210.38
2125059124,965479.5
1225039067,280145.22
6431500283,482262.3
2473380010,232849.17
5694501195,402657.75
2881700046,415652.72
6837820330,391606.2
2337300370,243187.3
3876540630,213303.78
626059317,440915.84
3374500520,649012.2
7228501903,268128.8
4019300051,809079.7
4232902615,561168.7
3546000090,204511.23
8127700215,627668.25
3438501100,313757.75
1769600066,572948.9
8146100610,349725.56
3052700695,427567.56
7954310210,517487.75
3761700053,3647028.8
1320069179,277355.0
1331900410,683925.7
7303100210,268798.34
2464400285,316144.72
6163901150,426143.16
8955800045,351759.62
2314300200,324571.03
9528104360,376845.75
4177100005,653191.06
8856960260,291684.16
1828001220,668470.7
3066400710,772098.4
624110610,1534351.4
4040800260,362490.9
5019500215,451705.2
2481630180,1147556.1
7203170190,654195.4
510001280,851550.06
9430110120,514539.03
1565950030,337199.06
9828202255,947763.06
3878900270,372141.12
8091600080,317487.12
1112000035,280643.66
2228900270,413475.47
6648701740,307530.4
1245003740,603979.6
2174503441,411966.4
7708250010,389372.53
6072300110,377746.38
2329800140,325896.7
1494300040,645765.25
3832050130,210573.36
7203100730,1175454.4
7199330170,418159.94
7785000220,562314.06
1250201175,389216.25
4054500180,1439428.1
7905200061,384183.84
3751604895,232189.9
5220300140,382309.25
3323059027,301518.94
8651611980,1013916.75
8673400190,601404.7
1668500100,932459.06
1023059365,318417.72
3308030060,320106.62
4232400860,695748.2
2144800615,228002.28
1568100920,1576089.9
9406510040,477742.34
2923049421,329686.1
1051000040,769742.75
2077700042,422365.03
9423800030,333665.56
9818700455,691171.75
7133300675,283766.66
4113800550,479586.56
5553300375,1374284.9
2025701530,304347.25
7942601155,328670.84
7524300020,260351.16
2520069100,202768.81
5412300410,218502.97
7504110760,678272.7
2594200350,277067.66
2722059013,218321.97
8078430480,439175.94
1423069162,398727.2
8856001090,178439.33
7000100631,499117.5
4222200280,197400.7
7971300050,336486.88
2009001600,281815.2
6619910140,551663.56
2877100985,463235.44
1196000007,353020.88
1330850130,584494.5
6664900410,245169.45
1231001110,243050.03
9235900030,386611.47
9407101840,397535.34
9523103001,357749.47
2149800278,416527.7
7234601198,698338.06
9476700035,294882.2
9297301065,478880.9
518500700,693639.4
7843500090,229261.69
6056110780,323883.38
2345700260,441278.88
3509600070,230219.14
1431700280,374077.2
1623049174,292526.28
3024089049,306548.88
7853340450,401565.97
7732410360,640339.75
1446800995,307511.06
2946000285,236650.28
425079100,355554.25
3876313040,453165.75
1762600260,725125.56
1925069121,1577962.4
7443000480,442521.7
7820000015,453550.12
4027701253,505186.88
2826049165,358487.84
5426300060,675296.6
1278000210,170705.97
923000270,352246.06
7657600005,284864.78
3024079057,276454.5
3276180020,299002.22
7304300760,305834.06
3908100020,499545.12
8835400805,601972.2
4051150070,190881.5
3904930530,421061.97
6163900971,547390.9
7942600310,268039.84
4365700330,233413.67
423059207,358362.75
3992700265,382541.2
7177300090,405877.0
2540820010,657565.56
5700002510,875795.44
5201000030,389261.16
7631800015,2319939.2
2922702965,459358.8
1525059198,1165470.8
1245003160,698565.2
3810000455,321867.12
7855600080,458022.4
5701500030,794725.6
7504020400,607484.94
1402600570,246615.39
7575610760,329192.8
8731990370,392480.34
5021900090,567786.3
290000075,483245.72
2841500010,448549.2
3955900830,451975.38
7852110140,543368.8
1311400350,211712.66
7773800015,407243.72
4123400320,491564.03
2725069157,754705.56
666000143,520950.94
5101408678,382677.66
6371000026,443885.22
2024059084,546440.0
7283900036,379821.3
8881900230,479780.53
3959400135,344144.34
7696610270,228294.48
1689400150,623762.06
5103900015,499165.1
1441000350,491665.3
5101408735,379280.9
3126059027,1389940.9
2320069014,404407.6
9541600015,447306.1
8682320420,519945.84
1562200090,596887.25
3395070980,408527.4
7349600230,194903.6
522049122,210440.45
869700060,393372.94
811000055,732582.44
1221059176,335258.78
1523059103,491453.4
2025760210,970189.56
9218400088,264756.7
8682292020,500314.62
2623089135,415779.56
3758900259,1553953.1
524069049,456762.66
3121500150,936467.56
5581400080,832377.8
8087800020,331246.75
4070700290,557770.5
3296000170,646851.94
9238500040,608395.2
2744600040,387924.06
6813600380,614541.44
6140100150,470361.2
2201500555,309418.2
2600110250,539677.3
4337000275,235310.33
1186000150,619173.0
1972201963,549800.1
1105000745,236906.11
2887700560,715526.2
4039700080,606937.7
522049104,320327.75
4202400078,238289.45
7520000695,242231.34
7714000310,350194.47
4319200060,550151.0
8624700015,647019.75
5104520610,261254.27
2354300845,218747.12
3824100291,591140.2
6151800612,273262.12
5454200080,823922.4
6413600290,413524.75
2131200065,391482.22
1459920010,256659.92
50300090,402868.22
2326300090,428752.1
7714000070,412418.84
3630180500,838370.4
1727850340,1345464.1
8691430330,986273.6
2310030390,241021.11
5561400610,512235.94
7010701016,297775.16
7883605915,236959.22
1282300995,260181.39
4040700310,468813.5
3353400435,229836.34
2143701015,496773.0
255450020,299213.6
1020069017,14054485.0
4038200120,342571.6
9284801100,330080.9
1965200075,395005.97
847100047,414515.03
4038700720,466283.06
6815100085,868651.8
2508000020,297332.5
255520180,738831.8
6822100750,505466.88
869700050,359818.2
1775801405,492912.25
6600400090,245685.78
7202330270,396136.94
1683400165,820094.5
2625069070,832290.44
7625702440,392787.38
3388000640,227879.23
1899400365,251813.53
6899990200,1167123.6
5569700020,749057.4
986000045,370760.28
3293700221,367484.03
3764800250,375860.53
2291400566,372007.0
4219401236,1293398.2
4239400840,200360.03
7211400990,261584.11
7696500280,192785.61
7215721070,450013.7
3204850140,379161.2
4322200220,531448.75
2566300100,576252.6
1944900090,393054.94
6648500390,224464.84
7385300020,574577.3
1704900135,328395.12
2877100655,733857.2
2726079098,690943.7
7625703800,526583.3
318300040,526838.44
7922800190,503568.75
2023049361,284065.6
8946400210,567482.6
6071600450,326255.56
4343800100,335443.0
1443300140,306299.03
1024039001,692906.2
2767704860,415348.0
7234600851,386694.06
644200065,485898.3
7784400035,763905.56
3826000560,253016.17
9272202260,670857.94
263000253,478377.0
3621059043,450717.22
240000130,533362.94
1352300120,189144.78
7849200861,259251.58
2487700130,423493.16
1796100140,220062.4
7234601221,348231.9
8651710190,412353.97
2916200091,520318.38
1232000915,395800.1
1545801970,367239.16
3211200420,421615.28
7686204675,180552.72
3141600210,159940.28
3959401284,386422.0
2113700825,284775.7
3876000710,359443.66
522069022,337931.44
3214200070,368032.56
1221039156,285242.12
259600790,325930.25
785000040,397938.16
8138870470,328655.78
2596300035,427870.62
540100057,777200.25
3073500045,592592.5
5363200266,391786.62
8682261650,497332.84
3224510080,675607.1
3211270160,358587.0
9269200520,243595.12
293810190,378683.1
4197400043,326736.3
3026079031,871988.44
5332200405,632342.0
2473411210,323867.9
9268200315,529154.75
8123500050,425258.12
3221069091,330209.7
2485000165,501690.2
4058800215,742043.3
1926059039,847612.4
2533300680,646500.4
3343903640,274403.6
5700003705,1245639.1
2023049372,356777.06
4058800830,829729.9
3333002302,385545.2
2944500340,285201.6
1982200790,503815.66
8929000270,343448.94
8122101440,247327.17
7525530470,736863.6
9332800020,455707.97
3878900525,291420.84
5420300210,217089.94
9232900165,371974.72
6414100026,311199.4
3013300660,375319.66
7954300120,521735.5
1081200360,280946.8
2877102345,466836.6
2202500255,337760.03
7984400050,245948.34
9558020380,569425.06
7812801850,282783.3
8944460020,314525.62
2306400040,455531.12
8649400410,995783.3
7889602020,193858.44
2041000025,351822.38
871001484,709058.0
2767602141,409676.38
3630180470,704293.94
2769602140,421468.94
2473250280,325069.47
5422560660,512540.38
3756600240,373312.72
8651600160,477634.84
7202300540,1037016.25
8961950250,490289.66
3303000130,576036.7
798000062,278004.88
1695900150,512136.28
1604730150,420381.88
4136930310,337549.78
8835401250,1502870.2
8665900328,588330.94
9262800255,199335.81
1853080570,708113.25
5556300114,541618.56
9517200290,489238.72
4037200295,307896.06
7417100123,495838.7
2620069077,216161.11
7922720040,728021.25
558100090,651745.0
257000037,300861.2
3319500385,367449.34
9297301520,343985.2
3580900090,429706.28
1321039076,182392.05
7227801581,304650.44
9407001620,326553.16
2130400150,433996.47
2312400200,220229.53
4046700210,475326.9
1193000480,614941.3
1492800296,327427.56
3013300017,273715.7
3630240140,487969.88
1049010390,413419.1
9320900420,204226.88
4315700060,295831.16
2591010290,358617.1
323089085,298813.78
6600400270,281314.66
2919701105,394425.5
7202360670,1104855.5
8927600100,715483.9
3211700045,473702.3
4027701326,642301.2
1601600195,228064.05
7853280350,1165776.5
3629970130,579853.0
7203120020,1065596.8
9542900190,391559.88
8035350120,673111.1
1238501184,926568.6
251200240,478701.94
8945300200,179231.55
2162000160,893854.6
5466310060,186879.48
1239400064,742406.44
5205000020,349342.88
1720800305,786654.2
7280300375,1006873.94
2095800400,525533.75
7852010950,468607.4
1428001160,453360.7
9528104910,580591.2
8644210470,1140022.0
7923300310,341205.44
254000100,430172.47
1931300688,540306.1
7007700030,372253.66
422049178,229301.05
422069067,298336.0
2923049393,358455.03
930000305,485163.0
2461900448,473451.66
2610100020,272897.78
2895550050,183634.39
7701700040,223237.75
2460900020,292507.03
9827700105,437592.28
1005000240,183226.1
7200001254,515200.94
866400040,651097.0
305000170,593545.0
2260800110,548801.6
3442000127,588084.1
5253300437,390776.5
7576700150,578315.0
5469501410,707964.7
5104531120,697886.0
723049434,310578.28
622069006,1504724.6
2517101200,318726.4
8159620160,208538.11
5561300640,372215.66
3317010130,207875.52
4364200250,265249.28
8732300060,483247.56
5603700025,495588.6
3585900190,1270599.6
3996900575,368821.38
8731801260,213128.3
3810000860,342058.4
5700003585,2056175.6
6332000050,423947.38
9286100250,341865.34
9471201110,669584.06
9290800050,466128.34
7300200400,431583.16
526069024,1041335.1
1454600156,1170389.4
3904980360,381503.22
2626119062,856051.2
8651730290,487452.66
7611200195,536547.44
1919800260,539491.56
6632900354,314398.75
3972900195,387370.62
5151600170,314023.28
7016000440,589679.6
871000435,565108.0
9578060540,488678.7
2332700060,723062.94
766000240,217519.34
4363700200,243391.02
7100000250,255813.92
2781250560,187138.81
2781250100,323732.97
5419800220,229891.36
7147600245,235099.94
2926069083,1043794.94
6189200125,666932.25
9542830160,292590.75
5152200020,242578.8
9412900045,285707.12
6600410480,187510.39
6979970080,671695.25
5636010280,268243.4
1732801300,795908.06
5561401530,549645.44
9578500510,463832.66
7304300906,325854.12
1223089077,376806.6
721049207,252551.62
8691330310,1100272.0
1523069204,347036.06
3188100105,585273.75
6608500290,421682.44
2891400410,292671.97
7663700551,343108.47
5413200140,225962.08
425069139,634122.3
6713700155,474072.0
2767603505,568778.6
7789000080,311566.47
9211500620,198480.66
3750604417,200857.08
7922800320,532717.3
1471620240,372575.44
2222059052,314528.0
9551200270,944278.75
2767603160,386570.2
9406710060,390141.97
8929000250,346072.66
5538300120,498009.16
2223069120,445926.5
1652500060,1459568.6
8564500240,384531.72
3629700120,509168.53
3943600070,417431.56
4171200025,324635.75
2425049063,3477418.2
9828701650,376713.53
3581000340,386020.53
8100900015,323931.88
2125059161,1392756.6
304000380,183168.44
8146200070,894025.1
686530170,408174.56
2917200645,483211.6
9547200530,944568.75
2122059199,622624.56
1150000740,627261.3
5706200060,400327.06
9265410010,209661.02
4083800555,375119.62
6152900332,603207.1
2520900301,219961.7
9828200790,402741.1
1657530180,272286.34
7471900045,305282.12
9828200460,420260.44
1775900140,680798.8
6139800430,738444.4
7214400005,421177.62
5332200026,528838.94
9510970300,722065.8
2540830020,436745.5
3392100140,246741.48
1326069191,424043.2
2125059112,723259.44
859000022,334760.72
8854100350,848574.8
121059007,186619.11
7977201707,353850.72
3859900060,2569038.8
8815400735,641198.3
705700530,261886.64
6600780130,401753.66
6378500105,443962.28
8143000310,565844.06
2877102330,509142.78
3526039074,421885.56
2115510300,312635.6
3024059014,2070173.1
2141330360,426623.0
546000400,425525.88
2071500011,520186.38
7972000240,243180.11
7016200460,511077.53
6204200180,415651.12
1552100135,584711.4
88000173,368478.94
2581900235,460051.5
9211500560,187189.14
621069218,368471.56
1321970240,326627.9
798000630,276353.28
421000285,182883.58
2824600180,777600.6
3832051140,243617.89
1237500105,552103.56
8802400906,247813.53
3166900270,275640.5
3682000060,458354.06
5469700020,265931.88
1245001820,458563.94
9547205660,520089.16
7974700122,479985.56
7550801225,426739.38
1099950050,1020831.7
1402900460,438339.9
7636800041,1937409.6
2115720270,290061.94
8651441750,280180.5
3904100035,308303.6
8815400020,506059.66
3303860590,478226.47
5427110040,772347.3
1782000160,333739.7
6204420290,715468.9
3995700245,355251.94
7955040130,332014.97
1442880650,595220.0
8833510230,1408343.8
7283900551,583754.75
4396000180,361249.56
7504021310,638131.7
322059264,305891.8
3654800040,217956.66
2767704777,428427.56
3278602190,414374.3
3236500220,401311.75
3410600100,308194.84
629410180,703360.25
3352402250,207222.52
4363700304,220917.81
7237550130,2404504.8
9808590210,910339.4
8074200175,250556.61
3463400330,205856.72
6306400140,969859.3
8564950250,640785.7
5381000070,289421.97
9826700697,380378.1
8132700190,338693.53
7943000020,191709.02
9547204675,496074.25
4112100101,549491.4
727500030,301487.9
114101426,412014.72
9274202005,573082.2
1193000380,665879.1
3039000020,381990.72
7852170130,862053.06
2624079010,456255.47
4137010540,340304.62
7576200012,824582.7
1138020020,350584.44
3969300030,247543.31
898000200,248891.19
5153100030,297677.78
5104532030,655331.25
4406000050,328462.78
9274203390,351903.9
8682290360,501839.97
6928600330,286514.5
4139680070,677294.06
6844702690,393957.1
2154970020,1531651.1
4385701285,839120.6
2426059071,594842.6
2867300160,660255.06
9512500720,407517.62
1773101020,279498.62
8687800100,281889.9
3627800050,1335189.8
1604600227,259711.36
3300701170,347978.6
9250900111,526130.5
7015200790,340713.12
1311100490,293479.44
2469000010,811455.06
1982201596,415512.4
1862700290,323516.3
2586800270,290488.25
9528102772,427862.47
5490210200,321547.12
6669080020,432135.06
179003055,235591.02
1860600535,849271.06
1592000130,472681.1
3905040170,434553.1
9320500080,262982.34
9276200850,379057.06
224069114,365294.94
2260000340,509176.78
5096300130,596784.8
3432500215,408824.78
2600000050,606015.2
8856003839,236665.17
2492200435,275800.38
7855900110,1074128.4
6806100250,248000.78
2770603523,408211.94
1370800515,1644552.9
2726049150,501810.28
1226059161,489918.53
1068000375,4826426.0
9528104109,415095.75
5126310060,468847.9
1951820070,302805.3
1545805980,280271.9
9464700340,964936.44
4319200675,919971.06
7518500885,402369.84
7852020620,549572.56
869700370,312851.8
8643000190,280698.8
8902000267,739252.56
7972602435,275224.44
2050100210,808214.4
6705120540,407670.0
2767601390,416839.62
4141000490,1033100.4
9345400350,935637.4
3222079162,285641.47
7789000120,228600.16
6646200770,639852.6
6666800180,452408.34
1725800280,318820.66
6117500460,1365198.4
5470100220,224485.61
5457300478,309124.44
7550800195,441648.12
7787050180,514104.44
6204430250,692544.1
7640400250,628563.8
624110920,966172.2
3629920140,322393.38
7173700518,541305.6
3210200395,184505.8
2473480560,274940.06
2623089141,540798.94
1423800080,224580.47
2076400050,299727.38
3832060120,246903.44
7702600930,384674.38
5101404555,440514.88
3723800415,324453.75
3356403400,218915.12
9214400125,450010.7
1797500530,351053.84
9551201660,660041.6
3878900815,387211.8
1760650280,329731.34
5466410030,238441.53
6388930620,411787.28
2331300395,701619.75
9412700160,254211.95
871001611,483696.62
3142600120,469005.78
3995700220,354056.3
2310000280,242303.66
8039900400,521954.97
7504021510,639799.56
1959700445,962300.8
1556200155,363523.25
3629960590,333756.25
259000240,573757.0
662440020,409890.53
3123049142,508713.25
321100260,707787.8
6840701095,384759.12
3738900165,478862.66
4427100130,329611.88
9238500100,444216.8
6145601810,391422.12
2570300090,358767.97
4017600010,666820.94
1005000220,244794.23
1257202120,490374.28
9527000490,475454.75
8691400080,833815.8
1726069084,405362.88
248000240,195509.92
6113400046,334745.72
2130702350,519343.72
920069052,288636.4
6071300160,405202.5
1623049041,262120.27
9268200285,406956.03
1843100520,362584.6
2887700826,501586.38
9122000385,533904.44
9475700220,309988.22
2804600005,429236.5
2896400300,466341.78
5015000180,463845.47
3630220180,632867.5
8832900780,542088.8
1568100300,898478.25
8718500610,429622.7
4147200140,770654.3
1973700030,1355716.8
8862000075,243184.75
9320990110,270931.62
1151100035,481923.0
2011000010,254570.05
1651500060,579364.94
446000190,633320.3
2344300220,693640.06
523049195,260335.27
9191200015,450954.97
7942601410,550185.6
7137800300,148481.33
7853300280,464974.88
6654700240,326462.53
569000050,448214.78
3584000180,255940.56
2026079055,317756.72
8898700880,328262.34
5075400150,631444.1
8731981360,392040.4
4222500020,229684.7
7996720050,695974.44
4077800094,524695.44
6446200365,473963.97
2824089053,423885.1
1311800220,205608.12
3522049063,677534.4
1721801280,263056.1
6131600240,207021.44
7202310040,480557.66
1123059125,405366.38
646910160,225380.78
5630500005,541542.6
3342100785,293175.06
9547205610,573011.2
1773100123,189844.88
3353400092,367218.47
217500015,405015.12
3649100031,429095.3
7896300150,237123.11
623049185,270347.53
1773100430,367537.66
1781500220,547271.8
3395380200,295615.97
2424059170,3290175.0
4389200765,799631.5
1543000060,667091.25
6154900005,657241.44
2902200240,379668.84
1442880640,574041.6
8562770490,326539.44
2768300655,591934.5
3432501315,404768.75
5035300570,660214.1
3626039028,418069.4
3876540780,253626.9
327000100,792087.94
7551300065,397362.12
1312920060,186779.53
2215901230,298763.62
6306800010,325615.22
2767700022,542918.2
5589900610,609069.75
4320200020,480384.9
5249804655,545759.8
9238500480,628273.1
3885806565,986845.6
7905200205,300825.03
5727500102,304508.7
3585220070,280643.94
2078500210,421446.84
1839920050,419259.25
534000080,253757.08
856000255,661155.44
4141010110,1342829.9
9558040820,770697.7
7768700315,557865.75
2796100640,308073.47
1922059010,294615.16
3448000542,365865.3
3883100220,269597.53
7237301210,218122.8
3893100456,930154.3
9578501110,344338.03
6145601995,335441.4
4024100120,340418.22
8899000050,309322.3
3396820010,522147.66
6749700117,515016.22
1954400060,361800.84
3303970100,692131.5
2540850070,504878.16
3797000745,357491.62
7883603700,228368.75
3438501452,335131.56
3530210260,680458.06
3598600049,207831.7
731500170,354978.97
7129304375,258049.06
263000006,567887.56
7212660560,315828.3
1112700010,399987.44
3420069060,1325579.0
2473000470,339804.53
8691390980,728100.44
6184700100,302759.7
4476400275,305276.3
2968801240,337446.44
1529300160,361800.5
7640400070,685370.6
7016100380,596303.5
2172000890,354790.44
4035900015,556071.5
9528104660,766223.56
507100005,439190.2
2783100160,531688.5
3629921140,842235.4
1099750610,206595.42
1330300451,747819.75
2757000030,632535.6
2114700190,358947.62
2050000020,916832.9
3832500790,271847.84
2612000390,332263.6
1483300430,456150.62
8899200720,277164.62
9183700470,360684.66
3530490031,237706.81
7857001225,279980.16
7920100083,329708.1
2254501620,487210.53
3303000130,576036.7
3876200070,480454.53
369000365,320307.28
3052700385,558028.06
7856550240,681452.94
7300410110,351600.3
7201800300,419642.06
1695900060,345138.6
9429500146,803184.6
3629910240,543868.56
8805400090,268664.3
1022069050,239765.23
1138010530,420426.38
7877400266,162537.4
7974200452,861683.2
2126049265,466941.66
9547204350,669915.56
5560000680,158440.34
3793500550,268814.5
4217401195,629399.4
1826049408,418730.6
3905100210,405580.6
7695370160,663903.94
3210400060,195970.64
6146600170,203030.81
2767601750,435460.78
1773100926,407450.78
5700002125,433214.5
1951100100,166870.55
1402200340,246992.69
8044200200,357668.6
66000070,303228.97
5083100065,191391.16
4027701284,467783.16
5693501100,620020.3
3600072,622068.44
8078550250,389834.75
1922059046,196906.39
2902200016,456098.84
9183700845,248879.33
3333001997,392044.53
1432400525,253761.9
2824059128,506016.22
6453550090,1343448.5
6202600070,1316479.2
7524100280,253013.28
3524039224,771177.06
5739601300,321504.5
2473000410,259663.81
421059018,239338.48
4232901120,327668.4
5559600140,190242.89
3797310150,253229.1
7986400265,585447.4
3025300095,1522321.0
7524950830,511809.16
9407100730,366533.06
3812400854,309443.56
6002400030,313540.3
2212200090,240309.6
7202330610,482980.78
7300400170,393175.66
8965000110,358057.0
3996900125,336714.16
2221000100,254759.97
1524079088,226078.69
1133000036,440273.8
1868901190,736974.7
4037200530,320736.44
2095500120,370096.16
1995200338,651405.7
8820902350,873821.56
7459810210,298328.03
9536600010,797939.56
8085400586,1288101.5
7518503065,352473.22
8682320350,528665.44
3179100790,581469.44
9828702666,341112.38
6713700250,770888.8
2141330700,496573.6
7519001990,454418.62
3223069019,285983.53
7994700030,274351.78
2592300450,209772.4
2792000010,448663.4
173000025,352695.47
7203150330,566247.9
3305100210,816969.7
2581300055,820716.5
6613000750,1247190.2
7015200685,540416.4
1323089184,351807.25
3793500510,409674.8
2225079030,679574.1
3578400710,399333.0
8100000090,311656.22
2095500040,266367.7
8682281710,559727.2
6163901380,446393.28
6918720080,583476.44
6914700130,523645.66
1205000215,420127.78
3800008,301738.44
6150200180,312575.38
1223089066,845845.56
7768800290,868928.56
9285800330,988330.94
1974300020,525658.06
7628700050,539180.4
9376301800,724580.9
8651430220,227922.28
629810350,1020857.94
5016002180,798120.7
9558010230,331860.16
8732000390,237346.42
7899800586,389546.38
5249802460,258029.12
1446300020,671344.3
7785380150,503507.28
1245500950,739854.9
3362400640,598245.9
7578200310,719012.06
4137020910,325606.22
11520640,789540.3
7972601995,223529.61
8122100160,276120.94
9456200450,282813.5
1328320760,352438.94
4025300285,415578.2
2721600125,888538.44
1123049027,185716.83
3542300060,186725.56
291310340,455525.9
8651720420,529372.75
3298200790,212654.42
4037200585,326816.72
1329000090,1628645.5
9279700013,795981.7
4151800265,361249.56
7760400210,243729.2
5029450110,264549.5
9492500160,879037.1
3578400270,376519.56
7606200090,289578.53
3682000050,381401.0
1250200415,346135.38
629811600,473342.84
1839500115,292271.4
1176001293,1253199.4
3013300409,279983.62
7853280370,1230771.2
3275780030,460833.56
3336001946,279240.72
5456000110,684966.8
2473250400,293031.4
5393601635,388852.66
8820902905,319217.38
1245001659,670334.75
1523069215,306664.97
930000234,388706.94
4083301645,399881.03
4055700778,658066.8
2781230080,381363.2
3629910210,522438.53
7856700060,651996.1
7589700055,352576.75
3888100043,277154.06
6381501636,298161.62
3303951150,304473.56
8638500170,334870.88
5635100050,473942.25
8820901792,1009787.6
5456000025,1071730.0
985001275,247854.19
9560500105,415681.25
1421069117,220361.89
4154300296,270539.16
795000620,240474.44
9828702335,375670.6
1250202145,1138735.4
1163400070,262498.25
5652600065,575673.2
1042700050,821071.94
8899210320,289991.12
1651800030,1230787.6
2919201365,750967.2
4365200895,297852.12
6841700100,907430.44
7376300060,351287.28
7852090180,528703.75
9222400565,976611.56
9542400075,743829.5
7338000150,190963.98
4322500110,426329.34
7694200070,313329.56
9321010130,331612.12
3204300455,919791.25
6706000040,196214.88
1565930130,433562.1
3279000420,273210.25
194000575,410099.34
2115510160,285750.72
7522500005,458826.4
3787000140,453166.6
7852110690,644043.8
5469700260,334551.03
8691410730,702975.3
114100763,285509.38
1257202430,791877.2
7000100635,319306.28
1900000195,272185.34
251500330,1558971.8
7701960210,1131439.4
4037000065,236311.98
522059299,230987.11
6072300800,342173.25
6821102358,380764.28
5029450200,224682.02
8860310240,518577.1
826000295,288095.47
9417400110,262728.66
3959400345,512340.47
8899000430,275555.34
7527200030,596661.3
8562720410,1258208.6
1432400335,275250.16
6699940320,379832.9
2525059172,736322.75
7548301044,287337.88
2141300420,732394.56
5100401414,357453.44
7346600092,272221.4
6852700478,488148.62
87000213,231542.45
5416500260,314037.38
322059097,320381.5
7229900005,255863.44
7116000350,202340.36
3739500096,394959.25
6744700900,1081400.4
1959700550,574021.94
5589300435,416320.0
1775920350,342458.56
3750607974,269532.25
5318100935,549084.9
1442700430,552812.2
9346700030,584812.9
1841500050,345936.38
7278100665,510287.56
8635750980,574164.8
6909700340,506344.47
7011201475,720615.6
9348500220,734177.1
3876313170,374224.53
2195700050,1087605.9
3760100200,470002.94
3396800120,478386.12
3750603685,185874.17
9828702310,584220.9
8656300380,248006.45
1438000170,492881.25
2423069164,262377.88
2112700845,323359.3
7635801370,637898.06
8572900135,393371.44
7504010590,799556.0
6821100125,349402.2
4310702775,408997.12
2591010180,388189.03
9828700235,538905.4
9376301180,417868.9
1646502355,719606.1
1498301672,336418.53
7715600070,451351.66
7283900045,497468.97
522069119,751848.56
5200100125,430513.12
826069184,436116.6
3271300155,656166.1
4444800045,721235.8
8682291050,956233.7
2770605420,321031.12
1556200205,459507.78
269000970,1135066.4
9264900880,312394.78
2323059074,250617.55
1224059053,1530448.0
3755500065,431571.22
2571900430,283242.12
3705000070,224551.78
824069173,294836.06
1735800050,185651.48
3025059089,497060.66
6132600655,1060170.6
1068000255,1685869.1
3052700921,608320.94
3024089057,312758.75
7390400026,213507.7
1787600224,424158.06
2923049372,326488.38
7015201015,701877.4
7701990040,784788.4
1925059194,584606.0
301401370,338452.66
1931300955,419408.8
2395710070,291084.47
2591820070,351808.28
7883604065,262054.28
808300200,560455.25
1421069159,283568.62
8562780540,280575.7
2787720300,291451.44
2349300069,242199.92
739000035,198515.88
2397101460,597726.9
7625702437,494175.1
5101406441,341061.62
3323500010,741418.0
225039082,723123.6
8078100260,296354.97
4139480200,1119337.5
7436300160,467604.3
822039004,1118420.9
8651442910,263205.66
1370803510,517806.66
3342100569,419107.3
1310430400,523890.4
104540820,252578.12
4305500030,569508.1
993000090,857440.2
8044050040,346560.8
5707500050,510299.25
6306800080,358893.88
9206700190,1005891.1
8732040090,333260.72
3037200045,311302.12
438000025,502203.84
239000115,291936.28
8929000230,366099.53
7135520610,1640010.9
5561300340,509979.12
9530100085,518189.0
6613000140,871311.8
8835210130,325698.16
3782400190,419008.22
379000051,330405.62
3869900150,259302.52
4322200050,342648.03
8961980290,570011.3
2558670110,409878.8
1124000010,451796.1
3869900138,425813.72
7853300720,425608.7
251300110,200409.16
3904100041,300506.16
7701990300,1118436.9
8682231190,469426.4
7888200240,224902.39
2025700730,306463.84
3066410800,749864.3
7576200040,659447.7
2526069095,1516072.2
2781270530,216184.4
3763300005,502503.75
1523049083,289768.3
923049468,205496.98
3303700221,420458.47
1502400140,208052.62
2880100160,925450.6
4083304535,723634.8
8820902549,580148.4
4139400060,619273.94
1222069094,282509.7
9367200205,374778.84
2734100736,349044.5
3856904580,504809.28
3812400789,253865.52
3303980090,1190387.1
1314300018,363152.47
9522400350,496165.56
7524350080,425297.88
9406520260,336494.6
3278602040,516084.12
7696620100,265711.6
3751600635,233378.28
6365900065,264767.06
8732800100,259616.77
3876540410,273416.44
7349660050,215487.44
1036700220,567097.44
5417600200,313434.47
8732020310,350860.72
6844703240,1103894.9
923059206,340052.53
4038700220,603991.1
2597520900,440110.1
7203230040,1278940.6
8820903560,327414.44
424069112,675683.1
6056100102,407963.62
1823069155,347596.84
9412400220,2687842.5
6851700381,537841.0
13001215,249195.2
3630180340,634120.5
6746701090,584193.0
3832050760,228828.31
369000690,397485.28
6071900130,470882.28
7266200085,536161.75
1473120390,422062.62
9523100458,655271.25
4345000510,162629.67
6600220090,384767.22
8079040320,383242.28
1357900060,440274.22
3996900295,345311.75
1442700250,506889.47
5021900175,461743.3
4365700130,334200.25
3876100320,1001810.9
2124069103,275655.22
6700400140,238551.17
7852090810,472694.62
1454600038,804589.1
4137000250,350344.12
9826700726,453640.1
6716700325,337072.72
8562750300,419745.3
9315600050,1288196.1
2790410250,680266.6
7732410130,695599.56
1387301730,443492.56
1568100220,457075.97
3975400085,868430.7
339600110,385734.97
7888400500,224951.31
1842390130,519856.1
7595700025,323588.8
2158900140,523586.25
6151800070,259252.56
9294300515,649941.25
1250202660,927729.56
9106000005,861757.1
5035300085,794552.8
8898700440,273028.72
723049197,204632.39
2019200220,203220.27
2926049408,737548.44
4233600190,1010307.75
9268851860,246241.25
5458800620,382500.34
424069096,394478.94
8150100265,258967.4
2742100085,524788.5
8045600130,413485.3
8039900086,426193.97
4131500190,346948.38
1370802650,638126.8
821049149,195683.03
5104520460,345870.06
5466750140,252565.36
1703900155,306524.34
8658303065,341648.9
3298720030,316386.62
1839900080,372575.06
1561600025,537361.1
6064800410,316231.28
621069102,238909.3
7853360620,409638.88
9385200045,605050.2
7214770020,663116.8
5412300100,219757.27
2025701360,271132.97
7334602070,359212.0
8029200190,267120.16
2622049052,601075.56
3126049261,384232.22
4443800705,388673.56
2473420100,298953.47
7922710520,580193.75
3336001911,336593.75
3797000300,540235.0
5406500480,452735.94
6706600090,474306.25
1518000230,545833.25
1250202990,927924.25
6441800060,883041.6
2141500070,293249.44
9407101900,304574.9
5451300117,1708978.6
326069132,442311.56
7153400100,230782.98
3083000910,239945.94
3021059304,393186.16
2597530650,540023.8
3972900215,400707.9
2473420070,295489.4
6115400008,435141.97
8682220230,796556.56
642150080,578946.25
3775300030,363011.9
5418200340,659852.8
2424059119,731879.25
7899800476,326055.25
8598200070,284768.38
2421059125,503847.38
9528102771,479926.06
7522500020,549524.9
7202340720,527563.44
3286800260,506383.6
1121059105,478749.88
7504030220,888630.8
4045100190,1371748.5
9406530090,314951.25
7138000260,259951.97
2600010390,539126.94
2917200365,359342.2
2191600780,269493.16
7784000180,372651.12
6149700194,468663.72
8082400136,575132.6
7202340930,639775.1
1972200556,567856.2
2767604170,361511.47
3271301175,439565.22
3223059303,467862.12
7598100735,772840.94
3348401490,237538.67
1545803390,288950.94
2296700050,601338.1
3626500045,511610.03
1596600060,250026.94
3616600250,1544877.5
8078560140,300214.0
1796360350,256100.25
2770601763,703644.7
3223069118,479100.62
2473372040,322239.06
3575302759,413111.28
5706200170,375396.25
1774000030,676981.5
2224700136,368676.47
1250200418,401518.88
5416500840,358896.28
7335400345,183846.95
3776300010,900316.4
8857320130,419667.66
424069206,655392.5
3592500985,622660.2
9828701295,312139.56
2621750340,267102.34
7334401000,409319.44
3286800110,651199.5
1722069097,411765.7
3574770030,481393.84
1336300610,625725.8
7230900100,388384.94
6141100320,406176.3
2767602356,816436.2
476000017,363280.66
2558600100,413810.78
3500100015,417429.6
4074300150,367481.22
8907500070,5515011.5
4388000260,221099.92
2475900850,250793.53
7852010900,503791.16
318500300,533640.25
9200000050,174320.56
1026069106,433706.84
205000120,485606.44
2616800600,1377263.2
921049141,535550.06
2023069059,633046.2
7229900145,427355.97
4376800010,381118.12
4389201095,1665599.0
826069127,464596.34
2310000250,236723.64
4058801225,320554.2
6600220550,459805.0
3585300194,1652504.9
2594200375,366345.4
1102000514,636796.06
1862400471,572905.7
6928000440,231729.34
9578060470,494391.47
8732020670,286174.53
1823069088,234310.92
8712100350,1113063.4
3420069055,526538.06
4229900140,258890.36
8682280490,428815.9
3830630310,293765.06
5100400251,273028.44
1737100830,459419.25
1630700276,385720.97
6326000205,316793.9
3426049284,3150198.8
3814900260,355619.72
7403200050,2612538.0
1725059252,452490.75
8899200570,276491.94
4137000700,225530.86
1115300270,997420.0
3904920380,423164.12
2695600195,381176.28
9542100135,449027.7
1552510160,449794.0
1823059241,628436.1
2193320450,689475.9
1122069006,283877.62
7853340330,336320.06
1954420380,406403.75
7299600530,255220.06
1760650670,226806.45
6819100080,399146.06
2767704649,444498.62
2424059035,517887.16
1566100400,294064.4
5255690060,629282.94
8860500130,356653.9
7349650120,384827.4
3291800670,334551.66
3764650010,553336.0
5416500950,411720.53
7973202712,250500.94
3291800120,212204.67
9211500620,198480.66
8643200020,294293.9
9197100101,178235.58
3531900060,322240.28
8842400071,427181.16
6844701680,393307.66
6413600285,563554.25
5196410260,828753.2
824069121,511816.47
3876313120,371133.16
269000030,856078.94
1560930070,729434.1
4435000705,242635.02
9542400025,568957.7
2470200020,1201184.2
7519000580,535434.1
1226059101,463453.72
4449800063,572698.7
2815600305,567254.3
3821200050,374235.97
2644900110,465672.47
8058500005,459555.97
1099760230,224935.22
1954430180,400853.5
7853360480,527008.3
7229100040,411640.8
1432400120,227147.61
1898200080,483125.9
4054520100,753705.06
2568200140,876380.3
587550010,881527.9
4154303215,733824.3
6358900070,791794.9
3277801640,282149.72
6209000165,245391.2
6143000020,221016.02
2591780180,469008.9
5412400170,263267.16
5466350120,183399.17
2877104196,527417.06
3222059007,241232.2
7957600025,170759.38
2698200210,234766.77
3764500230,431847.9
414100630,455663.22
8029740060,324999.72
1426049054,547364.75
546001060,638883.1
3277801417,444437.6
3630120970,742866.06
2326059080,1269182.8
3278612370,364443.8
4024700100,387819.75
7697870860,204120.75
8562900240,533007.5
4059400585,222651.36
5703000050,417058.34
7701990560,1113711.0
1760650610,276086.7
5408100035,461553.56
1370800560,843200.6
2880100240,459929.1
3630060150,569231.2
6071700020,319566.44
2473002500,489927.88
2768300650,491858.53
3523089019,889619.5
2787250190,469782.44
9477940440,325433.3
8732030440,361208.56
236500050,293966.56
993000100,814568.9
5466700360,284321.97
7203220300,753557.75
8682292180,444247.75
5209200010,411363.75
7853360990,409798.3
8663310010,354539.16
2313900165,444058.8
6114600030,373951.97
3303990030,1281779.6
6679000960,289388.84
8161000230,601371.4
9510860060,657908.7
1223089083,577246.56
2721049059,271460.28
2523039278,210598.45
9826700707,433853.7
2159900120,561564.9
2767600635,541728.06
3812400455,531363.1
7852030960,420484.94
319500080,580365.3
1061500360,342136.7
1787600209,455950.12
7888700030,414596.84
3623500260,1004328.7
4219400520,998632.56
518500460,1845488.5
2500600297,181688.25
7283900010,322788.7
9225900055,249301.69
4036800925,406299.5
7967900150,356123.03
1782000130,303599.06
3163600015,232576.42
254000075,371090.34
1424059022,1020598.06
2768200090,651655.5
4319200505,361871.94
1592000780,555361.8
1687910100,400119.06
5200100115,383622.6
3751600176,194137.06
5608010650,872287.9
2051200506,241962.6
2781280310,247441.6
1023059190,231794.77
2787310130,310000.34
4358700100,408027.06
3121069036,425326.28
1959700225,478037.22
3205500230,482504.75
7974200937,427234.53
6819100111,847833.9
6146600175,208810.75
1525069095,681168.4
1231000510,346318.97
4122700040,669774.4
2426039314,512877.25
2013200390,245507.78
1854900330,461272.8
1923300135,382207.9
582000135,377692.7
587800130,260662.7
7840800135,245090.44
6116500366,338275.8
6392002635,318025.62
5361700020,508203.12
106000395,328745.75
7199330390,333010.7
2484700155,341837.94
4038300070,277599.53
9407101850,465430.06
293610040,888658.75
7202360760,954930.5
5608010750,1493534.5
7236500025,306879.44
9144300120,506835.34
1454100267,407253.8
1377800135,529136.56
7967700570,215308.52
1562100220,620516.6
2923039243,892243.25
868002080,1000080.25
7137960460,261036.34
1023089096,293964.3
3262300818,1161823.0
8563050110,581220.5
7137300245,312508.0
4365200630,322108.47
4100500070,1667204.1
3821400200,261820.7
5379803386,233191.62
4237901075,474963.5
8118600155,378913.56
8946780080,916925.56
1428000970,330602.62
7011201004,591661.9
2799800180,297476.28
522059130,244101.16
4315701163,451693.12
3649100387,457333.22
2125410210,456589.75
3224900130,230696.52
6798100661,343731.38
3626039325,860541.7
8730000270,393568.44
6065301040,1036939.06
1665400165,228304.28
2203500140,306657.66
4058800875,312141.06
5076700025,320316.44
7853420110,649044.4
7818700480,280841.0
8658303080,301886.94
3187600100,466842.38
4077800518,401208.8
2470100110,10268566.0
3451000206,249621.2
1843200350,215185.34
7904700126,532690.94
9430000070,269297.4
6003500749,500277.88
7701990700,1115778.8
1310820150,344772.44
3975400190,364264.16
4100000050,352690.44
7202270700,523237.8
7370600020,701799.06
126059225,445032.22
106000015,387140.2
4458800060,714805.94
8944290090,263492.97
8682250330,788804.25
9834200390,370512.88
3275880100,587489.94
7227501190,275663.12
1796100010,694297.25
3831200210,328776.78
2521039066,229600.39
7701800050,470681.16
3904960910,594780.8
5647900670,241243.25
7234600796,498874.78
3021059244,230087.89
7787400030,1156701.0
2051200436,326357.94
8820901415,536629.8
3523069047,856762.56
9194101388,277843.72
7277100610,447612.47
9471200370,1519799.9
2767800140,639091.5
3629870110,446235.78
9136102057,488143.97
8648900060,432158.12
3678900110,303555.9
2767600150,498021.03
1972201511,481073.97
6055000430,492974.3
6624030050,228590.78
2215450150,342179.78
2767603824,371895.62
3585900460,1198727.2
2922069134,267477.06
9267200062,489167.8
7228500425,439896.9
1089000190,819075.25
3359500960,450311.62
5152100160,473475.12
7230300060,287213.5
2423059067,252337.6
8016250060,243609.06
2524059267,805591.1
1438000440,379931.8
3326069026,621279.3
9353300600,304499.97
8691410060,766465.5
6332940070,475088.06
1310980110,312462.12
7428000120,281074.38
3626079040,7352286.5
2722049077,260244.9
984220290,309272.75
5347200160,378241.7
4154303655,434562.2
2953000250,174936.42
9523102447,671815.7
5104511840,376316.75
3448740250,361560.44
4219400290,817058.5
5152100060,868448.9
3279000460,232824.97
1102001274,605187.0
1251200155,1475062.0
2025700740,301585.97
3820350050,449008.84
1245000438,590398.2
7853230200,482637.75
3832200070,316846.5
2926049400,400610.06
1246700251,616616.1
6372000155,526100.9
7950300670,310360.06
7518504130,662686.9
9286100200,387262.4
3992700585,525680.1
7234600786,755338.5
5476800069,443759.1
1126059201,1177325.6
9527000090,437568.06
402000115,251632.52
8818400450,891405.5
2475900840,255262.9
1437500015,569819.44
2848700095,428042.84
1529300135,274171.3
2597520090,471796.56
7812801125,191194.14
3343903647,333301.72
1951600250,199087.5
9542840590,256310.86
8081010040,1067130.2
3262301355,1083647.9
1861400068,452258.22
3295900490,341956.62
4345000440,197965.53
4219400465,764650.44
3797700030,218187.5
3204300860,644695.2
1930301555,443062.2
8807300130,257228.4
4391600035,246337.55
5021900140,1040604.5
2946000590,256356.83
686400210,414128.6
3365900462,302908.44
8682262170,502726.16
7312400325,328827.28
3760100100,395896.75
3579000410,475650.22
1773100755,1361414.9
7129300175,339704.1
6303400965,303624.8
1328320440,274307.56
3686900025,200777.8
1221039066,390471.0
7950304095,298419.66
3585900785,1112669.6
9455200329,466288.4
629410130,670743.4
1994200375,522437.53
6669200370,695715.0
7262200150,206981.56
7504010750,596150.56
5253300173,416739.06
3395040200,290553.62
322069109,301381.25
4054510270,2192548.2
1710400005,420443.22
8644300170,713715.4
2450000290,755711.75
6102400166,903677.25
1934800087,388259.38
3333000775,217678.72
5393600509,253985.39
621069039,269078.94
3343903611,602070.3
2954400020,1872904.9
7972000010,238373.1
7214810510,798168.6
5561300540,502191.84
2634500070,519370.47
6822100310,660401.75
9201000100,466532.6
1072100085,427442.38
6190701146,618712.56
3277800845,331348.78
112900020,419244.44
1324059048,395024.03
7979900126,390962.12
7199330370,313679.7
6381500720,441086.6
8078550190,245045.56
7853440140,833564.56
6300000396,343754.0
3374500250,379069.34
3343901188,258011.9
6979900010,867305.06
7199340320,388553.5
1112000125,344601.84
9269200150,334915.6
5104510210,303469.38
925059219,505612.47
100600320,188661.25
1789900080,241676.17
2123049142,296518.66
2459900040,483399.66
3902300450,575652.9
7250000065,242911.47
7823700005,317471.1
3750605247,190532.48
2771601730,495982.0
3298600440,388593.88
9141100005,611382.5
8682262190,553930.5
9407111250,342940.97
1336800010,992356.25
2255500060,509951.9
7950302345,305843.1
8658303585,244058.1
9184700600,936273.8
8068000440,336533.1
1310000130,266343.3
7853221330,660694.06
1222029077,369391.97
8562891100,378174.6
2517000260,387115.1
2225300149,429055.2
8651410330,253943.48
2413910050,392500.9
9407100720,310514.9
2112700920,261694.89
3761700251,789800.9
1036400100,493138.88
3585300365,761865.5
8562750060,788614.7
2719100042,413901.94
952007055,329695.5
925049318,455928.38
7203220260,1005003.2
9320990140,244925.94
8567450140,893958.6
5379800810,226285.34
7784000100,433988.6
3992700475,519253.6
7905380280,396738.1
943100683,384530.6
8029770470,594190.6
2818600060,1045755.8
1226039124,420505.38
726049184,395013.12
795001930,305650.38
339350150,709569.4
1332700270,402766.03
7548300170,349523.84
6141100330,384339.22
647100096,432524.25
6744700423,844113.8
2895800750,280179.97
4046600220,543450.2
8809200070,330814.56
293700110,1276138.4
4178500440,177776.89
4358700164,318109.34
9197100263,278116.78
2426039313,512910.03
9468200163,560736.44
475000190,414012.5
7504180170,341785.12
4036800170,323028.9
2561330040,320030.03
4123400340,423159.28
524069115,899306.4
4047200850,446796.6
8651440230,192659.52
3905030140,428192.28
510000641,277765.84
8663370020,345037.22
2883200760,550545.7
1980200384,1055061.0
9468200140,384948.9
1796370150,227485.14
9238900085,491630.62
9191201325,370097.9
2538400060,1139411.1
3758900037,932644.06
2472920800,373305.25
321030150,248806.7
2571910100,369463.5
1423910670,291012.03
1118500030,897914.6
1939000010,527069.1
1776460190,596449.1
7504400290,664481.0
3448700070,329740.78
7518501025,423457.62
923059252,382788.25
1431700210,245131.58
8635760480,388141.66
9175600025,3494076.0
7922720250,606896.06
8944360390,317382.1
8948500065,268310.2
8669160310,243350.86
6117502745,563063.2
1789800020,462312.6
226039186,462539.72
6457000080,356737.6
9557300080,502812.44
8562790480,466713.72
6430500008,287420.66
1604590230,703175.8
9542850290,621086.2
7831800395,318784.16
3317500030,890087.94
624101110,637175.75
3654200039,333858.75
7856000150,487152.0
4338800685,281731.6
3211230300,318092.38
3904910650,353860.84
3598600088,260678.36
3796000400,359689.88
7972601280,530351.06
1450300050,256524.6
7504050090,914930.5
9202650130,408245.03
2419600075,365956.75
1224049005,749760.6
7129303240,389080.03
1922059135,219131.52
7852020250,534069.94
4139910180,1887376.5
4222300040,270880.97
1024069027,975240.6
8944600620,356983.66
5040800060,652724.7
1036400200,665231.1
7899800915,200403.03
3325069025,277617.53
9408300310,696420.0
1773100604,500882.25
5451100490,1294033.8
9536602080,162398.42
9828702055,321558.47
3362401758,508673.47
476000333,400610.06
4364700730,325823.03
5559200020,187638.47
7522600110,279493.8
104510440,222117.12
8820901275,592676.2
3298700125,258216.22
323089172,474140.28
5364200477,521624.06
2222900082,558727.25
6641800020,547247.8
9358001422,333223.84
3438501150,323997.66
2206500430,316971.3
9272201318,512283.8
585000095,526771.1
7708210050,643328.6
9407000840,323300.1
4027701265,604964.8
8644210050,813091.9
8656800020,363858.28
3329520170,213411.4
5104520720,302602.38
3806000005,241270.39
2330000015,840801.25
1447600410,241660.5
8641500252,461554.44
6084600420,231880.55
441000115,409763.12
2597490030,433561.7
650000030,547568.4
3585210200,411731.12
5416501030,566693.0
5406500170,426212.66
2916200065,483460.53
3330501975,387992.5
1774220070,559011.8
8731730710,227803.62
7861500150,390246.9
1402630190,373186.0
9117000230,230843.75
7133300380,392258.8
4232400470,401971.72
1773100972,246259.8
9413400165,400196.53
7658600025,242465.23
6909700040,905485.4
1402900380,313877.47
6625910100,485959.47
3204900010,593789.56
5162100820,313490.66
5560000480,164058.14
1704900303,364414.62
8084900170,1159977.5
2887700091,503266.28
4331400190,267455.88
3762900130,312743.53
52000067,590529.94
5430300120,813418.4
8956000460,596084.06
8856950310,284371.88
3364900156,397654.0
9310300211,437493.38
6448000020,1509148.0
123039570,259660.34
7600065,463635.4
3123039171,438156.84
8964800445,976325.7
7857000732,287522.62
7525410090,549793.3
9541600350,754740.9
3186600515,777392.25
4123820450,244056.23
2505500030,945514.2
1541700240,345737.5
6629300120,439890.22
7399800150,454431.62
9517200180,552641.94
1313300340,738797.25
7967650010,351593.6
8807810090,344169.28
8815400670,657064.7
2310030500,254564.22
2241700075,345291.34
2287400030,313835.88
2827100075,494489.53
1310700390,383624.78
5498100010,599715.06
723000114,1154825.0
6431000987,481359.88
3356407665,187664.25
7852110050,611703.8
8677900123,474753.8
1917300260,304250.34
3396800280,555270.75
8691420050,947669.06
9368700006,419192.06
339600290,430065.84
1592000250,489217.25
1471701780,310926.5
8928100205,550167.75
5029450100,207199.8
5493110080,1867657.5
7883603750,299316.62
1732800175,601868.25
1518000290,399133.12
8604900017,432637.72
5379805160,316483.78
1254200835,509767.12
3179100482,377486.38
3313600266,173705.88
976000879,316376.66
8819900220,543432.56
2130701535,370240.88
1176001124,489387.6
7893805650,244618.97
3885806840,565663.9
3625600190,984778.25
8562790150,674392.4
7348200115,217640.94
955000453,392359.1
6817810310,293417.88
4040400340,319815.84
1644500050,842195.25
8029500100,388832.25
5244801230,573019.94
1115100119,529499.0
9542400010,751245.06
423059387,616687.3
4023500990,413109.3
7899800857,343160.8
2976800796,232000.0
1074100020,373096.34
446000010,372509.0
7942601200,236059.7
3575305495,876694.6
8691310040,987178.9
6117500430,756115.44
3924500130,362788.3
2028701075,432018.84
4330600360,207770.66
1324079082,531425.44
9268200484,683987.6
9828701605,545308.25
7518506715,1045139.7
5315100277,1091447.2
3942900115,305655.6
1561930020,429705.88
9510970090,555398.4
6163900821,418557.72
9510300220,817399.9
3869900146,239325.7
9262800208,535410.6
2522029039,2542750.5
6865200095,395545.03
3782760040,627265.5
4237901250,446961.53
2891000610,249682.39
2749600095,352000.22
5422810010,351973.38
3629980350,621698.94
2459500070,219977.22
5113400364,462520.75
7533800885,630975.75
629410190,668016.94
8651431100,182559.47
7960100050,353677.3
1842200040,288709.62
425200205,222023.3
9477201470,398800.56
7905200365,337782.9
6381500635,393935.3
6052400175,373100.25
1236300268,504843.0
6072800265,831549.44
3423049311,217622.67
3755100540,313884.97
7852150120,311196.44
4180300050,416648.88
7625701935,266886.94
7132300550,279631.94
3025059093,3029288.2
8161000220,459624.34
7852011020,476698.3
2599200160,245188.62
5536500020,655125.0
2095600150,268342.2
8910500226,601739.7
1681400010,599070.3
1424069110,509248.2
5127001620,234028.86
7940710070,459570.88
2413300980,318997.03
7853400250,708541.56
9542801310,324281.44
1890000169,566351.56
2720000120,326728.84
9424400105,576532.44
7888780090,291661.9
3501100280,471098.78
3905100220,388207.56
723000150,663893.2
8691310980,747161.06
2297400250,583506.5
2892600056,286859.28
5273200080,304563.88
5145100460,507788.44
5561401260,459059.25
7732650040,854788.4
7504101280,1101711.6
8581400345,218273.05
7129302800,594441.1
9551201560,401526.53
1546600020,481321.78
2648000071,234933.17
3339900640,278804.3
7853301240,426808.56
943100262,253947.36
7202430150,576862.44
3558000120,407293.8
3890600150,384079.44
7452500315,283402.1
7173700591,744447.6
438000015,500942.94
928000020,449152.3
3830700010,448838.44
3845100640,540265.44
6675500112,383561.12
1773100920,391700.3
9485940330,307761.3
5561000600,427693.56
1786830090,623366.0
2011000020,278349.22
8024200681,377186.25
5452301810,1637800.9
5515600075,179413.67
357000135,872309.5
2541100010,408364.56
1090000036,649856.94
3459100300,506292.8
2450000295,467244.56
162500015,459740.97
2592210290,604117.3
5101405265,481817.3
1122069019,412118.88
7501000220,951521.5
1310900140,329163.94
3298700941,275095.84
1972200382,421144.7
5100402764,347475.53
2623069069,708288.9
6372000280,483724.3
4305600240,371172.1
2767602094,585951.2
2500600289,189890.52
7203160090,905082.2
3521069146,412567.94
824059321,1032180.56
9348700610,953892.9
7228501745,310349.1
6021503656,433426.06
5437400630,398958.8
2207100740,288162.78
7202000220,371926.12
629811340,674548.06
1324079029,269132.8
418000010,199437.16
6303400290,288847.88
4139910030,1820482.6
3023039066,284878.66
8698600395,154477.05
2799800710,288795.56
7351200050,1376289.0
8564860270,671379.56
2591830020,347315.5
4139420430,1801395.5
9828201725,348202.7
2420069604,244478.34
7224000315,238721.17
3861470120,1487388.2
3222069151,200918.77
3869900155,461384.12
123039346,282002.03
305010050,684517.5
2141340040,539503.94
7504021310,638131.7
2436700315,502471.16
8732750100,450200.84
3298201290,272641.78
9241900150,958384.6
1180005220,186551.14
5540000050,330971.38
9211520400,240560.9
2623029078,320708.28
7132300695,287200.34
6430500219,383160.06
6084200100,289491.0
7140200280,342681.38
3904910610,423934.84
7625701900,413078.56
9432900560,315686.78
1388600110,201501.16
9126101201,322704.34
4224100030,384456.9
1109000390,358732.03
3336000296,269062.5
7504100590,852782.06
2025701060,261157.36
7527410080,588936.06
7304301045,439925.03
2591840050,475288.84
2767602490,546322.75
5494000040,455931.4
2473251090,286791.97
3825500080,551906.2
2309710150,312211.9
8901001335,617269.25
1781500435,396459.72
8835220200,292266.12
4037500335,391365.0
1338300180,1030154.75
7968000120,210103.36
686050100,587214.3
1180008315,275252.78
1657300280,473248.5
7856600170,438571.56
4154303125,345531.16
3295730050,503844.0
1777500090,666739.56
203600470,538919.75
6673050020,570382.1
8731980680,306959.34
2273600260,399746.8
1000102,442833.25
4197400005,376338.28
3378100100,252867.58
7856620210,552984.1
9275700765,456187.6
1246700136,384456.9
4239400740,149240.84
3306300630,184442.28
2524049056,1052002.6
2023049245,210834.78
3210400340,209233.75
2621760350,304447.72
526059183,515179.78
8078460050,496777.75
7504110050,553912.0
3876312840,403782.12
9268850350,372561.56
8085400490,573481.9
2722059185,235988.36
3644100101,275823.0
1321700030,1344513.6
5608000630,2020490.4
825059349,1000064.06
6083000071,190826.89
9164100105,338377.12
1425059145,457822.84
5210200184,559962.7
9477201370,414503.16
2927600630,885129.2
2619920170,808632.25
1560930450,634775.2
2896000510,640526.06
3034200067,605159.3
4025300360,452019.78
3362401295,478409.84
2391600555,343089.16
7550801170,379251.25
5347200175,263573.9
8910500471,504519.56
7199340560,448662.12
9266700175,347261.53
808300270,444562.22
2487200875,477923.72
8728100781,281989.38
5379804888,220406.23
6619510060,543545.56
5416500680,581294.8
1862400087,422603.16
2126049277,414709.56
4137000070,315857.22
8081500060,1821917.2
686800065,564196.8
5561100180,580131.25
798000342,248935.83
5603700095,398510.1
7151700585,1340269.8
8129700565,479937.06
2782100260,476407.0
7011201106,428739.03
2423069084,381636.06
8141300300,289610.56
6601200040,258420.44
290200230,600389.75
1423900220,272728.66
7303200450,232705.55
3755100220,353385.7
796000235,206956.3
7237501040,1468175.2
7203220400,1046532.06
9285800275,512448.47
2061100435,497335.7
6414100025,475150.16
5317100750,1952943.9
6145601000,412384.25
5634500775,406959.16
7375300160,349991.8
9558050360,642184.2
4151800420,265374.25
3751600146,176625.38
5302400080,673788.06
357000005,429280.72
7283900306,489006.4
3738900105,411857.2
6822100305,486707.12
7436000205,429394.53
3295730040,466096.34
1526300015,397116.62
3294700101,227948.36
8864000970,244453.86
5469502700,383482.12
8078520310,191513.12
6154900130,336974.7
8945200830,196775.17
1085623630,475559.06
4013800131,241403.42
2287000010,879358.25
546000930,507953.12
4051100390,202596.78
7203100120,695185.75
7523850150,270805.56
3826000665,286421.06
1311800560,182830.56
2877102180,463139.12
3221059044,792282.8
9169600110,391766.8
9510920040,767108.25
8813400155,836618.0
3896100130,874211.6
2568200740,879317.1
1217000340,375592.5
6430500086,403488.44
5634500234,447925.9
825049073,349328.9
2391601445,851353.56
7881500330,504374.28
3969300030,247543.31
7853420110,649044.4
9828200460,420260.44
6143000020,221016.02
